,id,title,rating,predict_rating,loss
0,1723480,Real Estate Financial Modeling - The Complete Guide,4.39341,4.289821698214192,-0.10358830178580813
1,677348,Supply Chain Fundamentals:  Understanding the Basics,4.4171,4.427235277292128,0.01013527729212882
2,831940,Accounting for Beginners: Financial Accounting Made Easy,4.27845,4.2933755760812184,0.01492557608121814
3,228668,Amazon FBA Beginners Course - Start Earning Income Now!,4.32313,4.315689233307297,-0.007440766692702994
4,87634,How to Become a Transcriptionist,4.40509,4.396981627772229,-0.008108372227771277
5,312042,Recruitment Interviewing Essentials: Interviewing Made Easy,4.3381,4.32818711400903,-0.009912885990970288
6,1365728,Alteryx: Real-Life Exercises For Data Analytics!,4.25139,4.269839823533243,0.01844982353324287
7,2276255,Revenue Recognition - IFRS 15 & ASC 606,4.28052,4.330724156758443,0.050204156758442586
8,904986,The Infinite Banking Concept,4.09036,4.190173935195547,0.09981393519554693
9,1233302,Ratio Analysis for Financial Statements,3.08506,3.5491135662865303,0.4640535662865304
10,1185024,Tackling sensitive workplace conversations with confidence,4.12744,4.341233019664153,0.21379301966415287
11,336450,Sales Skills Mastery - An Immediate Increase In Your Results,4.14399,4.31617599553584,0.17218599553584024
12,289534,Graphs in R - Data Visualization with R Programming Language,3.57462,3.643098587389056,0.06847858738905588
13,1288044,The Complete Foundation Stock Trading Course,4.54203,4.546709877671175,0.00467987767117517
14,1018380,Forex Trading Like Banks – Step by Step with Live Examples,4.78157,4.676547351285798,-0.1050226487142023
15,144898,IT Risk Management,3.98464,3.890057326118602,-0.09458267388139818
16,547072,Customer Service: Keep 'em coming back!,4.30781,4.342196238084722,0.03438623808472219
17,3199916,Market Research Test For Business Analysts (BAs),3.89669,3.8671054282017088,-0.029584571798291215
18,619692,Learn to Sell Anything by Grant Cardone,4.40143,4.406650054133917,0.005220054133916463
19,2105272,Get Rich Stock Trading : My Killer Stock Trading Strategy,3.76635,3.7557623992861084,-0.010587600713891643
20,687720,Six Sigma White Belt,4.46243,4.411794171257987,-0.050635828742013445
21,2220730,Price Action Trading Strategy: Advanced Forex Trading Course,4.37977,4.352208884375198,-0.02756111562480168
22,1448556,Effective Presentation and TED like Public Speaking,4.33969,4.337093704840447,-0.0025962951595532857
23,236812,Forex Trading- Making A Living Online Trading Forex,4.35676,4.405243794068499,0.04848379406849901
24,1046724,Quantitative Trading Analysis with R,3.89976,3.9929406203405793,0.09318062034057917
25,1667606,"The Euro: the History, Issues and Solutions - Alfred Mifsud",4.35151,4.380666327681809,0.029156327681809202
26,1211572,Coaching skills for managers,4.06886,4.101224883176978,0.032364883176978054
27,627174,How to Prepare For PMI-ACP Certification,4.34332,4.3139015237325795,-0.02941847626742078
28,1568478,[PMBOK® V6] - PMP® Exam Simulator - Two Complete Exams,3.6591,3.7025161915128293,0.04341619151282927
29,1546132,Day Trading Ninja: 12 Hours DIY Day Trading Strategy,4.03796,3.892493787641336,-0.14546621235866386
30,1691956,LEED Green Associate V4 | 400 Questions by Credit Categories,4.06523,3.979325483632235,-0.08590451636776475
31,3067876,The Complete Proofreading Course: Editing and Proofreading,3.86532,3.942769906496461,0.07744990649646111
32,931588,Learn to trade Chart Patterns,4.71577,4.705990305482526,-0.009779694517473736
33,864146,Agile Crash Course: Agile Project Management; Agile Delivery,4.29118,4.341814271370381,0.0506342713703809
34,721004,How To Build A Craigslist Real Estate Lead Generating System,3.76996,3.7457751053703974,-0.024184894629602827
35,905228,Personal Finance 101: Everything You Need to Know,4.45104,4.472200193088927,0.021160193088927137
36,1750986,Value Investing: The Advanced Financial Statement Analysis,4.20616,4.484766338700132,0.27860633870013274
37,196236,Key Account Management Program (KAM),3.74306,3.7205196493277137,-0.022540350672286102
38,42651,Straddles and Strangles - Volatility moves in any direction,3.91157,4.0565861826137155,0.1450161826137153
39,1347004,Understanding and developing Emotional Intelligence,4.14233,4.19319665393687,0.050866653936870065
40,1240326,The Complete Soft Skills Course for Techies and Coders,4.02889,4.085309327009987,0.056419327009987086
41,42197,Options Spreads Bundle-  the heart of Options Trading,4.81503,4.782199603872988,-0.032830396127011774
42,1414644,Cryptocurrency Investment 2018: Invest in Bitcoin & Altcoins,4.67365,4.683623018091538,0.009973018091537611
43,584410,The Ultimate Guide to Dividend & Dividend Growth Investing,4.01859,3.949726111884414,-0.06886388811558586
44,437992,How To Start A T Shirt Printing Business: Sell Shirts Online,3.46139,3.3959558181770175,-0.06543418182298266
45,2736978,2020-PARA KAZANMA SANATI ( Fonlarla Herşeye Yatırım Yapmak ),4.69384,4.677531412619488,-0.016308587380511774
46,172426,How To Validate Any Business Idea,4.42252,4.14627339869672,-0.2762466013032796
47,3175270,Tableau Desktop - Tableau for Beginners,4.54191,4.51969813181853,-0.022211868181469363
48,1338126,Create B2B Sales Cold Calling Scripts & Value Propositions,4.62322,4.563470814458806,-0.059749185541194016
49,1163876,Help! I'm A Native Speaker But No One Understands My English,4.1351,3.8954390418764544,-0.23966095812354604
50,1362218,"Leadership: How to Influence, Inspire and Impact as a Leader",4.38683,4.388019902922855,0.001189902922854813
51,1692552,Day Trade e Swing Trade com Análise Técnica,4.67966,4.669802887926351,-0.009857112073649255
52,648826,The Complete Financial Analyst Course 2020,4.53772,4.572566266714379,0.034846266714378515
53,1465626,Ultimate Venture Capital: How to model investment rounds,4.21003,4.25133256405547,0.041302564055470725
54,2276171,CFA® Level 1 (2020) - Complete Equity Investments,4.6131,4.617088357798535,0.003988357798534459
55,1552848,Basic Cryptocurrency Trading Course + 12 Trading Robots,4.35515,4.32968379074338,-0.0254662092566198
56,117652,Crowdfunding Launch Formula For Kickstarter & Indiegogo 2017,4.28674,4.237666065508794,-0.04907393449120612
57,260018,International Business Etiquette,4.50745,4.434564139716898,-0.07288586028310284
58,1628944,Tennis Trading: Learn to Trade Tennis Matches and Make Money,4.76779,4.586567237159844,-0.18122276284015548
59,2131360,Sales skills training: practical sales SKILLS CRAFT SYSTEM,4.29113,4.117587678607912,-0.17354232139208747
60,109988,Understand Banks & Financial Markets ,4.44002,4.3655211147803366,-0.07449888521966308
61,2040480,How To Start A Jewelry Business (Real Gold And Diamonds),4.40679,4.447963902897797,0.0411739028977971
62,2392662,All about KPIs,4.27609,4.342161414155851,0.06607141415585094
63,1327966,"Forex Trading on London, New York & Tokyo + Unique Indicator",4.34091,4.338439969429599,-0.0024700305704010717
64,59583,I.T. Project Management for Beginners: A Step-by-Step Guide,4.13751,4.153411325592849,0.01590132559284907
65,1667944,Day-to-Day Leadership that Gets Results,4.31116,4.3541212262873055,0.042961226287305365
66,2611342,Dólar Futuro Online – Gratuito,4.46252,4.435264933692456,-0.027255066307543707
67,2258674,MongoDB Administration,4.00401,4.130982398195179,0.12697239819517936
68,918688,How I Make Consistent Returns Trading Options,4.33272,4.279446198982433,-0.053273801017566846
69,593666,Supercharge Your eBay Selling With 2 Simple Marketing Tricks,4.13687,3.991971040881947,-0.14489895911805295
70,396732,How to conduct market research  in startups and small firms?,3.87699,3.9996152351504417,0.12262523515044155
71,1343970,Financial Accounting-Debits & Credits-Accounting Transaction,4.24623,4.196265841962031,-0.04996415803796861
72,1162868,Build Insightful Dashboards with Google Data Studio,4.35726,4.425088850207971,0.06782885020797114
73,1647060,Personal Finance Mastery: The 6-Phase Personal Finance Plan,4.14377,4.138528034171366,-0.005241965828633788
74,737722,Economics : Behavior of Buyers and Sellers & Product Pricing,4.12543,4.092008027666343,-0.033421972333656846
75,1428290,The Complete Audiobook Production and Narration Course,4.46453,4.428528141976467,-0.03600185802353284
76,965194,Video Presentation & Public Speaking Skills: Complete Guide,4.48217,4.451807264331001,-0.03036273566899883
77,1667148,Project Management Office (PMO) Setup Guide,3.93812,3.993539770778879,0.05541977077887905
78,1189242,Deploy Microsoft Dynamics 365 For Business & Start Using It,4.15518,4.2386001137941784,0.0834201137941788
79,213970,Excel: Basic Excel and Business Analytics,4.36681,4.239916576693337,-0.12689342330666342
80,568646,Economics: Mastering Microeconomics 101,4.36646,4.319495171003707,-0.04696482899629295
81,1734820,Bad Boss: Dealing with a Difficult Manager,4.5977,4.567712584924765,-0.029987415075234836
82,1505296,Davud Hoca ile Kripto Borsalar,3.40185,3.4504579881648128,0.04860798816481271
83,158830,Samuel and Co Trading - 5 Star Reviews - Introduction to FX,4.42167,4.486676420317505,0.06500642031750559
84,283780,Build a DCF Model from Scratch,4.35816,4.405168651544924,0.04700865154492462
85,2942792,Start your Supply Chain Career in Less than 1 Hour,3.95498,4.0182704290186875,0.06329042901868753
86,1874832,Инвестирование в акции. Практический курс,4.52241,4.522802427210799,0.00039242721079890686
87,637930,An Entire MBA in 1 Course:Award Winning Business School Prof,4.47173,4.519090420643852,0.0473604206438516
88,72764,Jump Start Your Presentation Skills Today to Be The Best!,4.45031,4.411317001650409,-0.03899299834959091
89,2734336,Project Finance Overview - from Inception to Financial Close,3.84403,3.7990692660682504,-0.04496073393174971
90,22643,Writing to Heal.  Using journaling to transform your life,4.4619,4.485264555596109,0.023364555596108616
91,352782,トレーディングビュー徹底攻略,3.71179,3.6451080361561425,-0.0666819638438576
92,317452,Investing 101: How to Start Investing in 4 Simple Steps,4.47227,4.447171806964185,-0.02509819303581473
93,1565060,YouTube Clip Master 2.0 [Make Money without Making Videos],4.44048,4.335512331877852,-0.10496766812214808
94,1415934,Management Skills - Team Leadership Skills Masterclass 2020,4.48328,4.467659478638404,-0.015620521361595863
95,1524204,Accounting 101 - The Principles Of Accounting,4.40243,4.389863823220572,-0.012566176779428062
96,1721168,"PMP Exam Cram Session - PMBOK Guide, 6th Edition",4.60274,4.577083025708386,-0.025656974291614176
97,23972,"Improve Communication: Speak Smoothly, Clearly & Confidently",4.08691,4.079884283160911,-0.007025716839089036
98,2355488,Project Management Fundamentals,4.51829,4.520632469643251,0.0023424696432510217
99,2340252,Basic Grant Proposal Writing for Nonprofits,4.49151,4.4907004355148885,-0.0008095644851113803
100,1591290,Agile Project Management Bootcamp: Agile Project Management,4.20066,4.227690062691828,0.027030062691827617
101,792216,Stock Technical Analysis with R,4.13261,4.042281227800569,-0.09032877219943103
102,362522,Kick Start Your Digital Strategy and Transformation Program,4.16651,4.14273308343972,-0.023776916560279915
103,1508274,12 Microeconomics courses (24 hrs) ... Accredited,4.47913,4.494673443639017,0.015543443639017163
104,203732,Value Investing Bootcamp: How to Invest Wisely,4.50282,4.489642096979997,-0.013177903020002546
105,1636714,PMI-ACP Practice Exams - PMBOK 6,4.17322,4.161657384890409,-0.011562615109590446
106,743568,"Financial Analysis, from Scratch to Professional!",4.02383,4.067957766158376,0.04412776615837544
107,25671,How to Write an Effective Research Paper,4.40924,4.325626992484604,-0.08361300751539602
108,2302640,Data Science & Deep Learning for Business™ 20 Case Studies,4.30544,4.357856105174995,0.052416105174994954
109,1795802,Introduction to Financial Accounting,4.43248,4.452158487095546,0.019678487095545982
110,1418648,Tradenet Academy  Day Trading Course,4.12836,4.027042155951738,-0.10131784404826139
111,569436,How to Become an Accountant from scratch!,3.10175,3.5486416221687915,0.4468916221687915
112,1570066,Sales Funnels for Beginners: The Complete Funnel Masterclass,4.11079,4.184599497324761,0.07380949732476161
113,211958,Customer Service Foundation,4.28616,4.288828722780925,0.0026687227809256697
114,2112280,Your Ultimate Blueprint to Sell Products Online,3.3166,3.352313644217977,0.035713644217976626
115,203556,SQL for Data Analysis: Weekender Crash Course for Beginners,4.33968,4.342316553939956,0.002636553939955988
116,2386102,Sales objections handling: master objection sales skills,4.39517,4.593567648392536,0.19839764839253604
117,592338,Forex Trading Secrets of the Pros With Amazon's AWS,4.27681,4.187091819113456,-0.08971818088654437
118,1323630,Tableau Expert: Top Visualization Techniques in Tableau 10,4.3143,4.397459909390811,0.08315990939081086
119,543242,Learn to Trade The News,4.52016,4.462706963051527,-0.05745303694847248
120,1750710,Curso Básico de Trading,4.26894,4.281235337249718,0.012295337249717875
121,2343668,CFA® Level 1 (2020) - Complete Corporate Finance,4.53074,4.54545241634669,0.01471241634668985
122,354324,Accounting 2 Simplified for You,4.39581,4.437715101714476,0.04190510171447581
123,323950,Use the Magic Multiple Moving Average Forex Trading system,4.52297,4.495604431187338,-0.0273655688126615
124,1838188,Splunk 2020 - Beginner to Architect,4.38246,4.386755973608541,0.004295973608541281
125,123588,Customer Success | How to Actively Engage Your Customers,4.31213,4.323089315851123,0.010959315851123641
126,667880,Multifamily Real Estate Investing Rules of Thumb,4.40272,4.3839368716848615,-0.018783128315138953
127,1840354,Constructive Feedback: Manager's Step-By-Step Guide,4.26716,4.151133636952876,-0.11602636304712366
128,1630412,Blockchain for Business 2020: The New Industrial Revolution,4.39867,4.442666697169872,0.04399669716987198
129,2230590,HR Analytics - Introduction,4.15372,4.151479629432392,-0.002240370567608174
130,177392,How to Buy Probate Real Estate,4.46728,4.38903164934372,-0.07824835065627944
131,2212196,Mit  Aktiensparplänen selbstständig Vermögen aufbauen,4.54542,4.5083742542310326,-0.037045745768967464
132,1232282,The Cash Flow Statement - An Introduction,3.88112,3.9945311163117814,0.11341111631178125
133,1515316,SWOT Analysis for Organizational Success,4.21857,4.392522896529909,0.17395289652990886
134,1857644,Presentation Skills: Public Speaking Presentations done well,4.7227,4.488246523622376,-0.23445347637762382
135,2384022,Personality development & DISC persuasion: personality 4.0,4.19669,4.4124267431405295,0.21573674314052926
136,128724,Actors: Learn How To Audition For Film And Television,4.78458,4.768945522528176,-0.015634477471824226
137,543660,"Supply Chain: How to make planning (MPS, RCCP, MRP, DRP)",4.22318,4.231772300778257,0.008592300778256678
138,1411696,Digital Diversity/Cyber-Citizen/Cross Cultural Communication,4.32188,4.3377937954109145,0.01591379541091431
139,1037242,Learn Depreciation Accounting with Advanced Excel Model,3.9461,4.076538537607468,0.13043853760746815
140,539130,Risk Management for PMI Certification,4.29079,4.2746981689414865,-0.01609183105851386
141,304426,Bank Reconciliation & VAT on Excel,3.73897,4.007225090362514,0.2682550903625138
142,255742,Restaurant Management - Human Resources Best Practices,4.43399,4.4442795344105335,0.010289534410533818
143,427836,Write Now! Become a Confident & Effective Writer in One Hour,3.85804,3.7915379061498626,-0.06650209385013728
144,2099506,Equity Research & Financial Modeling,4.06871,4.101274064150735,0.03256406415073432
145,279292,How to Become a Workplace Coach: The Fundamentals,4.33603,4.33501006397874,-0.0010199360212599373
146,17782,Master Your Mindset & Brain: Framestorm Your Way to Success,4.54888,4.473894511916208,-0.0749854880837919
147,1432018,Brief Intro to Commercial Real Estate,4.43351,4.490780362190624,0.05727036219062409
148,1543984,The Real Estate Financial Modeling Bootcamp,4.67377,4.6461716581823875,-0.02759834181761267
149,2248828,Complete Financial Bookkeeping and Accountancy Course,4.23554,4.214710781256213,-0.020829218743787514
150,815154,Recruiting & Business Development Hacks,4.10515,4.165256978205342,0.06010697820534183
151,2964096,Freelance Writing Course: 15 Courses in 1,4.07941,4.100926273815922,0.021516273815922027
152,823902,"How to Find, Evaluate and Launch New Startup Ideas",4.46396,4.433307614887992,-0.030652385112007963
153,1591370,Blockchain y Bitcoin: Fundamentos Esenciales,4.43761,4.3942286781255095,-0.04338132187449073
154,929146,Learn Stock Options: Options Made Simple 101,4.21679,4.229478207951014,0.01268820795101444
155,1982792,The Complete Freelancing Course-Upwork Fiverr Home Business,4.37455,4.412988798156296,0.03843879815629592
156,1337472,Change Management: Real World Strategies & Tools,4.21449,4.300047352036903,0.08555735203690329
157,1599782,The Best eBay Selling Course: eBay Business DOMINATION,3.95231,3.7935727753879047,-0.1587372246120955
158,419658,eBay Drop Shipping Guide with No Inventory - Work From Home,4.41373,4.403174842898968,-0.010555157101031831
159,3307304,Curso De ANÁLISIS FUNDAMENTAL Desde Cero,4.49273,4.462614025257575,-0.03011597474242489
160,890928,Weight-Loss Coaching - ACCREDITED CERTIFICATE,4.42318,4.419057820491237,-0.004122179508763146
161,2445174,Massage Success Blueprint-The Keys To A Successful Business!,4.72807,4.701529536820326,-0.026540463179673957
162,1057992,The Complete WordPress Aliexpress Dropship course,4.5452,4.555062480851796,0.009862480851795752
163,1628070,Curso intermedio en Criptomonedas y Trading: Bitcoin ETH TRX,4.44711,4.4337397828810285,-0.013370217118971794
164,1177326,Amazon FBA SEO: How To Get Amazon Reviews & Rank In 2020,3.43399,3.199123383627638,-0.23486661637236228
165,885605,PMP Exam Cram Session - 8 PDUs from a PMI REP,3.82051,4.089589804776352,0.2690798047763523
166,1494766,Steemit Mastery - The Complete Steemit Cryptocurrency Course,4.30855,4.336117190911198,0.027567190911197414
167,1494648,Risk Management for Cybersecurity and IT Managers,4.48615,4.519365945443267,0.033215945443267
168,589862,Sell More Websites & Get Clients With #1 Sales Secret,4.67206,4.73376394642162,0.061703946421619804
169,1282106,The Complete Short Course on Ripple Cryptocurrency,4.14681,3.896256386606469,-0.25055361339353155
170,936952,"Logistics and Supply Chains - Fundamentals,Design,Operations",4.15825,4.235625224276247,0.07737522427624732
171,1419028,"How to Start, Grow, and Monetize a YouTube Channel Fast",4.29578,4.1366657695228675,-0.15911423047713225
172,555696,PMP EXAM PREP-Project Management Professional FULL TRAINING,4.43587,4.414818021644646,-0.021051978355353995
173,557894,Decision-Making for Business,4.0952,4.08093559977358,-0.014264400226419838
174,1599258,The Complete Wordpress Amazon Affiliate course,4.48143,4.471915978252784,-0.009514021747215828
175,1309940,Intro to Trifacta: Clean Your Data Quickly and Easily,4.2378,4.4216390510098895,0.1838390510098895
176,627706,Awaken the Accountant in You | Master the Accounting Basics,3.48679,3.792866250388078,0.30607625038807784
177,30481,The Startup Equity Calculator,4.63012,4.54017238342741,-0.08994761657258987
178,2369860,Learn Data Warehousing and Analysis with Microsoft BI Tools,4.63718,4.757089358380626,0.11990935838062633
179,661106,Be A Better Manager 1 - Influential Management Training,4.3205,4.300933012055067,-0.019566987944933167
180,1203914,Google Analytics Reports and Dashboards with Data Studio,4.49064,4.458888177645236,-0.031751822354763704
181,1285944,Amazon FBA For Beginners: Launch A Best Selling Product,4.09503,4.075419557636501,-0.019610442363499736
182,483614,Bounce Back From Failure & Turn Conflict into Collaboration,4.21712,4.245783341571711,0.028663341571710355
183,1228704,Forecasting and Time Series Analysis in Tableau,4.6251,4.57930050341817,-0.04579949658182958
184,2504702,The Ultimate Penny Stocks Day Trading Masterclass,4.39247,4.363861933104714,-0.028608066895285944
185,1097486,Apprendre à trader sur le marché du Forex - guide complet,4.58767,4.582882244033031,-0.004787755966969343
186,2087828,Swing Trading: Technical Analysis Mastery For Weekly Profit,3.87628,3.9619452911958755,0.08566529119587551
187,1896904,WordPress + E-Commerce Mastery: Build Your Own Online Store,4.16004,4.045687693191496,-0.11435230680850417
188,1450854,Bitcoin Algorithmic Trading Course + 99 Trading Robots,4.68347,4.685288767482162,0.0018187674821623645
189,1385908,Bitcoin Trading Course: Cryptocurrency Never Losing Formula,4.29007,4.308153234307895,0.018083234307894713
190,200994,Business Development For Startups and Tech Companies,4.11026,4.103257565451925,-0.00700243454807481
191,1405126,Blockchain cryptocurrency course 101 for absolute beginners,3.95591,4.191637228349207,0.23572722834920734
192,567564,Kanban: Productivity & Efficiency for Agile Lean Project,3.86514,3.9329342396825573,0.06779423968255749
193,1494112,Tesouro Direto: Guia prático para potencializar seus ganhos,4.43663,4.28396117221444,-0.15266882778556035
194,1281654,How to Succeed on Fiverr by Doing Freelance Work,3.67631,3.945402449140762,0.269092449140762
195,1651518,Effective Bookkeeping and Payroll,4.37896,4.4067530530310215,0.02779305303102131
196,648736,Affiliate Marketing for Courses: The Success Secrets!,3.77812,3.7920332514430246,0.013913251443024688
197,107672,Web Scraping for Sales & Growth Hacking with Import io,3.77606,3.8940657039577506,0.11800570395775045
198,400858,"Accounting, Bookkeeping & Financial Statements: Zero to Pro",4.27268,4.290348300151943,0.017668300151942873
199,483024,11 Free Ways To Get Mass Traffic To Your Website in 2020!,4.2959,4.219460156686387,-0.07643984331361242
200,2057325,Complete Trello Fundamentals - Beginners to Advanced,4.28186,4.181505636521437,-0.10035436347856308
201,1639806,The Psychology of Persuasion and Influence with Phil Hesketh,4.35754,4.389023352714584,0.03148335271458347
202,1368610,The Ultimate Guide for Land Surveying with Drones - Part 3,4.24336,4.1695291457449395,-0.07383085425506053
203,408556,The Art of Communications - Become A Master Communicator,4.51553,4.492802285186526,-0.02272771481347391
204,132242,Customer Experience Management Essentials,4.16414,3.929946567552437,-0.23419343244756252
205,1589736,Cryptocurrency Investing ICO Course 2018 Invest Next BTC,2.59287,3.051846053403956,0.4589760534039562
206,614640,Learn how to Build High Quality Affiliate Websites,4.61348,4.565513773652293,-0.04796622634770742
207,919906,Trading Options For Consistent Returns: Options Basics,4.06873,4.137920938823617,0.06919093882361693
208,571142,How to build an etsy ecommerce home business in record time,3.50415,3.8948066703847783,0.39065667038477825
209,1729984,New for 9.2! Part 1 Foundation Certification Training,4.3368,4.377696591558253,0.04089659155825309
210,2237864,Curso Forex Completo Profissionalizante,4.67697,4.685127099332159,0.008157099332159135
211,2209946,Complete Tableau 2020 Training for Absolute Beginners,4.5148,4.510890049168697,-0.003909950831302744
212,543206,Legal English,4.05202,4.185088190596778,0.1330681905967781
213,1547036,Sourcing Alibaba Supplier and Shipping to Amazon FBA,4.70438,4.702791806683669,-0.001588193316330866
214,1405842,Supply Chain for Management Consultants & Business Analysts,4.10338,4.203576141999932,0.10019614199993221
215,658766,Advanced Financial Management for CA/CMA/CFA/ACCA/CS/MBA,4.14321,4.109135284838924,-0.03407471516107563
216,806130,Risk Management: An Introduction,4.19955,4.044852270849193,-0.15469772915080693
217,1074702,Learn about business ethics,3.60188,3.8465078235529093,0.24462782355290935
218,752372,"Private Finanzen meistern - Geld verdienen, sparen, anlegen",4.36747,4.441416005623038,0.07394600562303832
219,1244360,How to Prepare Your Taxes,4.63054,4.593610007420156,-0.03692999257984386
220,838164,Create and sell animated videos in minutes using PowerPoint,3.74373,3.7932063444676625,0.04947634446766269
221,2334036,The Simplest Guide™ to Clinical Data Analysis with SAS,4.2274,4.1574029852792975,-0.06999701472070274
222,747470,Tableau Data Analytics - Must See Introduction to Analytics,3.91251,3.8961594733321845,-0.016350526667815668
223,1611446,Blockchain for Healthcare,4.27702,4.14497744200761,-0.13204255799239029
224,1392824,Inclusive Leadership: Working with Equality and Diversity,4.37202,4.377201015012822,0.005181015012822421
225,189116,Team Leadership & Management Skills 2020 - LEAN TEAM KATA,4.57436,4.511278853327081,-0.06308114667291953
226,1095116,Penny Stocks King: How 2 really Trade Penny Stocks (6 Hours),3.36146,3.442932306424416,0.08147230642441583
227,694156,Write a Hit Novel or Script Using The Secrets of SUSPENSE!,4.58046,4.536847321122339,-0.04361267887766118
228,517404,Fiverr: Freelance on Fiverr & Become a Top Rated Seller,4.56617,4.533115402801422,-0.03305459719857762
229,1232382,Intro to Financial Statement Audits,4.19757,4.2421432584917556,0.04457325849175575
230,778108,Website Copywriting,4.40332,4.401001844576417,-0.002318155423583157
231,1247304,Facebook Ads for E-Commerce: The Complete Guide,4.59075,4.588313305390914,-0.002436694609086132
232,1698290,"Contracts, Delays and Claims with Primavera P6",4.30569,4.330862250771501,0.02517225077150087
233,2442110,Human Resource Management - Comprehensive Course on HRM,3.97658,3.951781737229887,-0.024798262770112878
234,828420,"Stock Trading With Technical Analysis, Trading Strategies",4.09903,4.0759277624393695,-0.023102237560630456
235,2851284,Cold Email Mastery - The Ultimate B2B Lead Generation Course,4.71918,4.661342240762481,-0.05783775923751833
236,578534,The Intelligent Investor,4.21826,4.264713551197191,0.04645355119719152
237,790192,What is a Stock Option?,4.20492,4.136128027373724,-0.06879197262627645
238,2302520,Investimentos - os Fundamentos - do ZERO até AÇÕES,4.41875,4.4922823581749975,0.07353235817499737
239,3332128,TEKNİK ANALİZ İLE İŞLEM YAPMAK( Gerçek Kullanım Şekilleri ),4.74676,4.74139421207299,-0.005365787927010146
240,1335984,The Motley Fool's Guide to Investing,4.11437,4.094918354685752,-0.019451645314248367
241,1327004,Develop Amazing Social Skills & Connect With People,4.40644,4.398027347037956,-0.008412652962044298
242,706670,FOREX : Learn Technical Analysis,4.2416,4.139121680982543,-0.10247831901745741
243,1622298,Linkedin Marketing: B2B Sales & Lead Generation From Scratch,4.08957,4.25608605753892,0.16651605753891996
244,180360,Equity Swaps,4.52771,4.502217324389113,-0.025492675610887083
245,1019008,R Shiny Interactive Web Apps - Next Level Data Visualization,3.97723,4.1322411872206475,0.15501118722064744
246,1251784,Payroll Accounting Introduction,3.90352,3.8904092065608555,-0.013110793439144341
247,802702,Create 'How-To' Writing Like a Pro,4.43502,4.3232374555880275,-0.11178254441197222
248,1739996,How to Write Effortless Quality Procedures & SOPs for ISO,4.09607,4.100798686612251,0.0047286866122506765
249,1024172,Certifications & requirements when importing from China,4.63047,4.530568775779175,-0.09990122422082504
250,1080466,Curso Completo de Bitcoin,4.23152,4.224079609469625,-0.007440390530375041
251,1492836,Bilmeyene Muhasebe (Sıfır Seviyesi) - Muhasebenin Mantığı,4.41781,4.340708130280573,-0.07710186971942701
252,950738,Youtube Vlogging: Secrets of Youtube Success,4.13924,4.14142373177718,0.002183731777179787
253,1977766,Learn How To Hire and Manage Your Virtual Assistants,4.79203,4.590034673495164,-0.20199532650483576
254,1364624,Forex Online Price Action Day Trading Strategy,4.33264,4.661887153814949,0.32924715381494973
255,3298932,Digital Masterclass: How Technology Is Changing The World,4.44036,4.410717880103382,-0.029642119896617913
256,114806,Project Portfolio Management (PPM) Essentials and Advanced,2.9715,2.9701230370625926,-0.001376962937407189
257,1664822,Bitcoin and Cryptocurrency Bootcamp,4.49689,4.429286238865864,-0.06760376113413535
258,332848,Tax Strategy: Financial Planning for Beginners,4.2083,4.088299173485251,-0.12000082651474919
259,1361726,"Security Awareness Training, Internet Security for Employees",4.36076,4.365047018267274,0.0042870182672736235
260,1390748,How To Buy Bitcoin - A Complete Bitcoin Course For Beginners,4.26763,4.224493648286271,-0.04313635171372887
261,939004,7 Pecados Capitais Financeiros,4.28285,4.2905562206728725,0.007706220672872632
262,1712100,"Stock Options Strategy: The CROC trade (low risk, pro level)",4.36507,4.518582544091714,0.153512544091714
263,139200,Powerful speaking,4.45212,4.435322820015383,-0.01679717998461694
264,1564910,Financial Accounting-Adjusting Entries & Financial Statement,4.33495,4.151273859101483,-0.18367614089851703
265,703770,MQL4 Programming for Traders: Build Robust Trading Robots!,4.12975,4.1726885844065285,0.04293858440652887
266,1303850,Be A Pro Blogger! The Complete Steemit Cryptocurrency Course,3.96319,4.3382237349588415,0.3750337349588415
267,1102462,FOREX Trading - How to Win Trading Currencies From Home,4.28101,4.238531681155418,-0.042478318844581864
268,1100746,≪虎の巻≫証券取引の「税金のお悩み」解消,4.21769,4.0446610836242325,-0.17302891637576767
269,2466234,A Beginner's Guide To Learn Machine Learning,1.98877,2.2736096115110427,0.28483961151104276
270,1570206,Microsoft Power BI - Up & Running With Power BI Desktop,4.63301,4.6265270401203225,-0.006482959879677175
271,1958384,Fibonacci Trading MasterClass,4.50755,4.519047833751013,0.011497833751012543
272,1607044,Direct Taxation in India A Comprehensive Study,4.23626,4.132351950260858,-0.10390804973914136
273,821278,"INTERVIEW TRAINING: Ask Better Questions, Hire Better People",4.435,4.461944359442336,0.02694435944233664
274,472704,1 day MVP 2.0 | Go from idea to MVP in just 1 day,4.46166,4.473053492848108,0.011393492848108089
275,1475058,Building Your Team: How to put together the perfect team,4.16461,4.276363145241223,0.1117531452412237
276,622130,Organizational Change,4.23844,4.142083419701455,-0.09635658029854444
277,1347028,Seven effective ways to maximise Team Performance,4.35678,4.489855886385137,0.13307588638513757
278,1347806,Investigative Journalism,4.13285,4.1143880025051764,-0.018461997494823912
279,63535,Managing Debt,4.0613,4.069740102193003,0.00844010219300273
280,811414,FİNANSAL DURUMUNUZU NASIL İYİLEŞTİRİRSİNİZ?,3.4529,3.251487395876487,-0.20141260412351292
281,2913948,How To Start A Business: Entrepreneurship Essentials,4.38986,4.398941388812826,0.009081388812826496
282,2114052,Sales skills: A complete sales training to increase sales,4.39842,4.440157952991748,0.041737952991748095
283,2028610,A Beginners Guide to Investing in the Stock Market,4.61849,4.635682544014608,0.017192544014607236
284,2693266,LinkedIn Sales Navigator: LinkedIn's tool for B2B Sales,4.37239,4.377102338398533,0.0047123383985328005
285,848876,The Ultimate Guide To Building A Viral Website Like Buzzfeed,3.60572,3.868617638050155,0.2628976380501551
286,2139440,Drawing for Business Communication,4.18905,4.240982944364962,0.0519329443649621
287,1311400,CPA Marketing Mastery & Innovation,3.86609,4.100386766430383,0.23429676643038277
288,2231284,"NICHE WEBSITES MASTERCLASS: On Business, Research, Marketing",4.81904,4.920604396622624,0.1015643966226234
289,137250,Train the Trainer Pro: No Beginners Allowed!,4.47606,4.485036390734784,0.008976390734783735
290,1848110,DAY TRADE : Ganhando dinheiro do Zero ao Avançado.,4.30858,4.278112574695871,-0.030467425304129492
291,1476730,"Lean Leadership Skills, Lean Culture & Lean Management",4.47766,4.472464801794231,-0.0051951982057696355
292,1286774,Investimento em Renda Fixa - Iniciante,4.61725,4.627625118453114,0.010375118453113785
293,314352,Risk Management using Failure Modes Effects Analysis (Ed-2),4.05746,4.2155639152367135,0.15810391523671363
294,885974,Four Fundamentals of Financial Planning,4.41422,4.284267134975602,-0.12995286502439818
295,2643050,Customer Analytics in Python 2020,4.66495,4.596375378083938,-0.06857462191606256
296,378398,Managerial (Cost) Accounting For Beginners,4.34778,4.385426968975215,0.03764696897521436
297,427140,Management: Essential Skills for First Time Managers,3.87168,4.041211324823394,0.16953132482339361
298,1233350,Bitcoin Profits for Beginners,4.23727,4.238185273556494,0.0009152735564947889
299,1456016,Microsoft Excel Business Data Analytics,4.25481,4.2951948246243274,0.040384824624327464
300,378912,CRUSH IT !!! – Sales Strategies,4.35346,4.331475055615647,-0.021984944384352723
301,312466,Master Personality Power For Influence And Success,4.49289,4.415453600073129,-0.07743639992687079
302,2551089,Forex Foundations,4.31876,4.186659879763753,-0.13210012023624707
303,632782,Best Practices in Document Management,4.18269,4.248608785429425,0.06591878542942542
304,2594562,Dread-Free Difficult Conversations: Speak Up with Courage,4.52176,4.432163756885329,-0.08959624311467085
305,383398,Customer Service: How to sell more without advertising,4.69149,4.602366826791197,-0.0891231732088027
306,968664,Como Investir no Tesouro Direto para Iniciantes [2020],4.61211,4.618919222371586,0.006809222371585655
307,760814,Media Training: Have More Confidence on Camera,4.43867,4.338648724537024,-0.1000212754629759
308,33949,Directing the Actor: A USC course with Nina Foch,4.70108,4.679523737500613,-0.021556262499387024
309,416222,Use Your Health & Fitness Expertise to Earn A Living Online,4.61622,4.652339332742685,0.036119332742685195
310,1408620,Aprenda Tesouro Direto sem nunca ter investido,4.24521,4.292347224330243,0.04713722433024259
311,1358224,Project Management Essentials,4.27659,4.247506832681544,-0.02908316731845595
312,1574798,Accounting–Financial Accounting Total-Beginners to Advanced,4.43079,4.365176199770124,-0.06561380022987606
313,2183800,FİNANSAL OKURYAZARLIK EĞİTİMİ,3.95332,4.011488942377661,0.058168942377661015
314,2283598,Machine Learning 101 with Scikit-learn and StatsModels,4.68574,4.6315212407374995,-0.05421875926250053
315,2597736,Introdução a Análise Fundamentalista Clássica de Ações,4.45824,4.48732041821719,0.029080418217190207
316,46927,Basics of Business Finance,4.42571,4.387829375185431,-0.03788062481456844
317,1304100,EU GDPR: Employee Awareness Training Certificate 2020,4.08174,3.9947442898774845,-0.08699571012251539
318,1627994,"Uygulamalı Bitcoin, Blockchain ve Kripto-Para Borsa Eğitimi",4.13952,4.040050928697241,-0.09946907130275928
319,1587644,Advanced Stock Trading Course + Strategies,4.55138,4.536057915343519,-0.015322084656481216
320,2284925,Fundamentals of Audit - A Crash Course,4.00054,3.9929741724556127,-0.0075658275443872824
321,651346,Creating Bundles For Amazon FBA,4.51104,4.290606247462633,-0.2204337525373674
322,1793104,Price Action Trading Master Class [3.5 Hours],4.25696,4.237998805414762,-0.018961194585238594
323,585064,Culture | How to be a Great Coach,4.31517,4.336243128169745,0.021073128169744493
324,794306,"Data Analytics: SQL for newbs, beginners and marketers",4.32987,4.50771194456437,0.17784194456437064
325,751392,Tableau for R Users - Explore Tableau and Embed R Code,3.96854,4.155858177446108,0.1873181774461079
326,137144,Public Speaking and Presentations Pro: No Beginners Allowed!,4.5405,4.531806537622334,-0.008693462377665995
327,1049496,Management Coaching : Become an Effective Coaching Manager,4.32006,4.238122456602755,-0.08193754339724446
328,913244,How to Start Investing for absolute beginners,4.36671,4.263489855139206,-0.1032201448607939
329,325834,Learn to Trade for Profit: Find and Trade Winning Stocks,4.66057,4.589385062208068,-0.0711849377919318
330,1407138,Complete QuickBooks Training 2017 2018 & 2019,4.27983,4.2808613433570635,0.0010313433570638963
331,1644756,Algorithmic Trading & Quantitative Analysis Using Python,4.51583,4.500265704244769,-0.015564295755231328
332,1691546,Complete Day Trading : Stock Trading With Technical Analysis,4.35318,4.392239922584276,0.0390599225842756
333,1504268,Sales Training: How To Close More Sales,4.41132,4.367676888605892,-0.04364311139410759
334,2927654,Working from Home Effectively,4.51579,4.5281314031964985,0.012341403196498568
335,1990410,İktisat (KPSS A -Kaymakamlık - Hakimlik vb. Kurum sınavları),4.64716,4.584123774956637,-0.06303622504336381
336,1983860,Venture Capital Financial Modeling,4.51396,4.488957992303277,-0.025002007696723005
337,2665754,The Advanced Real Estate Development Modeling Master Class,4.77217,4.7598850173230165,-0.012284982676983525
338,128908,Certified Lean Management Professional,4.25644,4.27291313920648,0.016473139206480525
339,544634,Leadership | How to Make Best Learning Environment Choices,4.04493,4.042936794303515,-0.0019932056964853118
340,308696,Forex MetaTrader 4: Master MT4 Like A Pro Forex Trader,4.6158,4.614194742110802,-0.0016052578891985192
341,1349100,Performance Management For Managers,4.32339,4.334575145334337,0.011185145334336788
342,1041268,Investieren in P2P Kredite,4.20897,4.242520112004456,0.033550112004456345
343,754920,Business Analysis Demonstrated,4.43016,4.436575795954576,0.006415795954576531
344,24877,Introductory Financial Accounting,4.6714,4.649693327957705,-0.021706672042295594
345,1465450,Statistical Data Analysis with SAS,4.53455,4.39570202086872,-0.13884797913128022
346,1300254,Business Fundamentals: Corporate Strategy,4.5043,4.490138002341764,-0.01416199765823567
347,1252816,Excel Data Analytics in AML Financial Intelligence Analysis,4.38034,4.324175914307196,-0.05616408569280473
348,1230878,Essential Lean Manufacturing for Management Consultants,4.20715,4.319467229866102,0.11231722986610126
349,34268,QMS Auditor / Lead Auditor Course,4.54714,4.552986169954108,0.005846169954108582
350,412414,How to Find an Email Address & Get Your Dream Job,4.76825,4.686985042399092,-0.0812649576009079
351,249048,Binary Options Course - 5 Reasons People Fail - 3 solutions,4.12463,4.105684572939856,-0.018945427060144127
352,2343574,Assertive Communication Skills Masterclass,4.47254,4.482365886681808,0.009825886681807283
353,665152,Mastering Agile Scrum Project Management,4.28871,4.2581756114057905,-0.03053438859420954
354,3092046,The Beginners Guide to Trading and Investing in Stock Market,4.26987,4.122661136031421,-0.14720886396857935
355,1457320,eBay Tycoon [How to Build an eBay Empire],3.75663,3.6955699609526986,-0.061060039047301284
356,390104,Launch on Teespring: How to Make In-Demand T-Shirts,4.17698,4.043186683337428,-0.13379331666257244
357,474246,"Management - Leadership, Negotiating, Assertiveness, Sales",4.41884,4.404814894195579,-0.0140251058044214
358,2893432,How to invest in Stocks ? A Complete Guide for beginners,4.04902,4.070524831194273,0.0215048311942736
359,910650,Forex Trading: Comprehensive & Concise Forex Trading Course,4.23354,4.260068572038543,0.02652857203854353
360,504240,Journalism Skills for Beginners,4.26287,4.253695005645413,-0.009174994354587795
361,2073518,Curso Definitivo de Investimentos para Iniciantes + 7 Bônus,4.44444,4.441517383965166,-0.0029226160348345687
362,1953246,Amazon FBA Mastery 2020 | FREE Top 50 Hottest Product List!,4.55643,4.567764304691537,0.011334304691537511
363,2552667,GST Certification Program -Trial Version by GST Suvidha,4.27981,4.330313943512752,0.05050394351275145
364,1975378,Investimento em Renda Fixa do Básico ao Avançado,4.73143,4.712078833461753,-0.019351166538246645
365,640046,Customer | How to Map Out the Customer Journey ,3.54372,3.5977717380189804,0.054051738018980444
366,189940,No Pressure Prospecting - Close More Sales,3.61505,3.54324742174275,-0.07180257825725
367,1513132,Cryptocurrency Mastery: The Complete Crypto Trading Course,4.12445,4.1455462615278895,0.021096261527889126
368,2599370,Curso de Day Trade para iniciantes no Mini índice,4.23507,4.1275707297625575,-0.10749927023744288
369,254788,How To Start A Supplement Company- The 7 Simple Steps We Use,4.09688,4.088243032334335,-0.008636967665665019
370,826168,Grundlagen der finanziellen Unabhängigkeit,3.64281,3.860148907214307,0.21733890721430704
371,47712,Grant Writing: Keys to a Successful Proposal,4.27794,4.255404307882173,-0.022535692117827466
372,1078520,"Internal Controls - Design, Implementation and Monitoring",4.14728,4.1495204823966,0.0022404823965995746
373,436900,Managing Employees Young & Old (Multi-Generation Mgmt),4.31229,4.344489544128918,0.032199544128918234
374,1455152,ETSY 2019: Etsy Marketing and SEO Mastery Course,4.28193,4.247679212283384,-0.034250787716615605
375,49886,Business Analysis:  Working with Use Cases,4.64015,4.539846470698382,-0.1003035293016179
376,444504,Rapid Prototyping for Entrepreneurs| Build a Demo in 2 hours,4.36007,4.3595343917059965,-0.0005356082940037865
377,396274,Comprehensive Grant Writing for beginners: 7 simple steps,4.30821,4.326868351771451,0.018658351771451365
378,280806,Sales Coaching - All you need to be a great sales coach,4.20054,4.380319220762722,0.1797792207627218
379,1605822,Freelance Medical Writing as a Career Choice,4.1976,4.230908754466128,0.03330875446612769
380,3137154,The Three-Stage Confirmation FOREX TRADING STRATEGY - Part 1,4.71432,4.795271517327039,0.08095151732703876
381,400130,The Business Graphic Design (In 2020),4.08742,4.184913598712294,0.09749359871229402
382,2300578,UIPath RPA Tutorial - Zero To Advanced RPA UIPath Developer,4.2032,4.213332535856948,0.010132535856947733
383,787836,Personal Finance Masterclass - Easy Guide to Better Finances,4.322,4.3567965722684106,0.034796572268410486
384,2382895,The Advanced Real Estate Pro Forma Modeling Master Class,4.71033,4.5779156706043365,-0.13241432939566344
385,2596422,Expert Advisor Programming in MQL5 Part 1: Fundamentals,4.21755,4.090319120931286,-0.12723087906871378
386,2351866,Certified Quality Auditor Training,4.34868,4.332019194240794,-0.01666080575920592
387,1428724,Acumen Presents: Sheila Heen on Difficult Conversations,4.60477,4.2373554557052255,-0.3674145442947747
388,2201496,Beginner Statistics for Data Analytics - Learn the Easy Way!,4.47196,4.478745933340058,0.006785933340057504
389,1997218,Trading y análisis técnico con Soportes y Resistencias,4.08655,4.035967489054226,-0.05058251094577404
390,1531082,How to Prepare Your U.S. Federal Tax Returns Online,3.83816,4.062218945905755,0.22405894590575537
391,2954952,100% Sure Success in Day Trading : My SECRET™ Strategy,4.16394,4.163004918712018,-0.0009350812879818093
392,896264,Agile PM 202 - Introduction to Agile Project Management,4.5157,4.465571821248161,-0.05012817875183906
393,72482,Talent Agent: Becoming an Agent and Getting Representation,4.32216,4.338074213091825,0.015914213091824614
394,15892,"How To Work Online With Arbitrage, Affiliates, and More",4.46393,4.5356079971988965,0.07167799719889612
395,285638,Guide to Stock Trading with Candlestick & Technical Analysis,4.52294,4.534331073794396,0.011391073794396078
396,965832,The Complete Investment Banking Course 2020,4.48929,4.500868709130585,0.011578709130585452
397,2741282,Best Leadership & Management Training Course,4.1642,4.259610450338772,0.09541045033877182
398,404753,Amazon FBA: Complete Guide To Start Your Own Home Business,4.36652,4.364142312371341,-0.0023776876286589754
399,312834,Professional Trading With Institutional Supply & Demand,4.54485,4.546205101358802,0.0013551013588015692
400,2754428,Accounting Fundamentals in 30 minutes,4.0656,4.06392687512342,-0.001673124876579557
401,2707550,Business Analysis Certification Program - The Competencies,4.15464,4.1927065082041715,0.03806650820417179
402,661070,Be A Better Manager 2 - Data Driven Manager Training,4.45306,4.3889968756939135,-0.0640631243060863
403,249934,Finance for Non Finance Executives,4.34069,4.355325976854216,0.014635976854215471
404,1317578,Learn Cryptocurrency AltCoin Trading and ICO Investing,3.7593,3.646895915695578,-0.11240408430442228
405,945750,Fundamentals of Accounting,4.55266,4.530645373578736,-0.022014626421264616
406,1908256,Strategic Management - Basic,3.33074,3.2957037330368655,-0.035036266963134555
407,914726,Business Analytics with Big Data : A Complete Guide,3.81779,4.210223112030888,0.3924331120308877
408,757106,Introduction to Manufacturing,4.30067,4.287712481547721,-0.012957518452279437
409,1204098,"""Hands On"" Project Management: The Learn by Doing Approach",3.50547,3.3462114704167227,-0.15925852958327713
410,798740,Forex Traders - Create Your First Trading Robot. No Coding!,4.2321,4.237504907097823,0.005404907097823042
411,1215660,How to build an ecommerce store with wordpress & woocommerce,4.4261,4.442478025990141,0.016378025990141154
412,3249386,Own The Zoom Room: Online Workshop And Meetings Facilitation,3.89338,3.990490451878584,0.09711045187858414
413,2337484,Talent Development for Leaders: Develop Your High-Potentials,4.41823,4.396001518225878,-0.022228481774122066
414,2471182,How to Profit From Stocks Going Down by Short-Selling,4.28257,4.197583298393615,-0.08498670160638433
415,713258,Bookkeeping Basics #1:  Understand the Fundamentals,4.50543,4.4542097158384575,-0.05122028416154212
416,1426364,Sales Machine: The Sales Training B2B Master Course,4.48772,4.446185985395716,-0.04153401460428441
417,2717236,Blogger for beginners : unlimited Organic Free Traffic,3.00437,3.3788602781736667,0.37449027817366654
418,1802334,Investment Analysis & Portfolio Management - Core Finance,4.50218,4.4518144681968135,-0.05036553180318659
419,521580,Essential Guide to Making Apps Without Prior Experience,3.7313,3.790012533761307,0.05871253376130703
420,2739086,ACCA FR (F7) Financial Reporting - Complete Course,4.40782,4.384821819119139,-0.022998180880860808
421,63095,Public Speaking: How To Think & Speak More Clearly,4.05819,4.090740331353807,0.03255033135380714
422,817680,How to be a Journalist - The Complete Guide to Journalism,4.33452,4.3362846218769,0.0017646218768998523
423,428528,Get Started Quickly (and Easily) With Infusionsoft,4.29706,4.287745681513086,-0.009314318486913997
424,2228810,คอร์สสอนมือใหม่เริ่มต้นเรียนรู้ AmiBroker โดย ThaiQuants,4.72135,4.672318381013317,-0.04903161898668351
425,1022836,Psychology and Therapy of Addictions -ACCREDITED CERTIFICATE,4.45241,4.484022975554478,0.031612975554477174
426,828254,Budgeting Success Techniques!,3.57099,3.5986122899000255,0.027622289900025354
427,1361660,Three Emerging Careers in Digital Business Analysis,4.17407,4.144302866442113,-0.02976713355788707
428,778618,Certified Public Accountant Tax Preparation Tutorial,4.11234,4.1338474329585475,0.021507432958547845
429,2685492,Customer Success Manager (CSM) Elite,4.32378,4.233821407333657,-0.08995859266634287
430,1326648,"Project Management, Leadership: Management, Entrepreneurship",3.59552,3.5794953016012596,-0.016024698398740433
431,634732,Investing Online : Secret Jugaad to Identify Multibaggers,4.14813,4.306690720198745,0.15856072019874468
432,1576950,The Real Estate Equity Waterfall Modeling Master Class,4.78611,4.78185148716058,-0.0042585128394199145
433,1521806,Advanced Cryptocurrency Investing for 2018 & Beyond,4.17708,4.140474937971722,-0.03660506202827829
434,2221712,Advanced Upwork Profiles: Craft a Magnetic Profile Today!,4.61485,4.620342620222735,0.005492620222735667
435,728222,Learn Data Visualization and Become Data Analyst,3.83065,3.8429851937531363,0.012335193753136409
436,1910506,"Tesla Company Analysis: Strategy, Marketing, Financials",4.67793,4.616288096106634,-0.06164190389336621
437,525760,That Business Idea: 40+ Startup Ideas,3.65749,3.5474057100324914,-0.11008428996750874
438,1551970,Communication Skills for Beginners,4.31345,4.340037723559995,0.02658772355999517
439,2323926,Write Like a Boss: Master Your Business Writing Skills,4.39126,4.3821314385465335,-0.00912856145346641
440,1833430,Become An Expert At Microsoft Dynamics 365 For Sales (CRM),4.41135,4.425740643973896,0.014390643973896111
441,1361776,Life Coaching: Convert Free Sessions into Paying Clients,4.60055,4.621647304864077,0.021097304864077238
442,784130,Basics of JavaScript coding,4.12713,4.091873833006641,-0.035256166993359095
443,850532,Introduction to Data Visualization,3.59583,3.5983764816634567,0.0025464816634568344
444,2630586,Analytical Techniques for Business Analysis (IIBA - ECBA),4.0588,3.961878075229292,-0.0969219247707076
445,943442,SAS Programming Complete: Learn SAS and Become a Data Ninja,4.43308,4.355653128921328,-0.0774268710786723
446,1193610,Amazon Kindle: How To Create 10 Ebooks Per Week On Autopilot,4.2052,4.2223278054195665,0.017127805419566933
447,1798956,Social Media Marketing 101,3.63515,3.718201725505992,0.08305172550599194
448,63115,Learn Estimating & Cost Control,4.15599,4.177214390168178,0.021224390168177898
449,1254588,Business Strategy: 8 Best Strategies For Business Growth,3.61199,3.4468027774750603,-0.16518722252493978
450,1381898,"Time, Price And Opportunity: Learn To Trade Market Profile",4.06221,4.037207457291709,-0.025002542708291386
451,811466,Shopify Masterclass : Proven Ecommerce Business For Newbies,4.02812,4.039293450336362,0.011173450336361412
452,1613366,How a Building is Designed and Built - Part 2 of 6,4.5956,4.577543441890642,-0.018056558109358356
453,2795664,Microsoft Power BI: Latest 2020 Beginner to Expert Modules,3.81926,3.8521584362757557,0.03289843627575584
454,403804,How I Booked 8 Acting Roles On Major TV Shows in a Year,4.74716,4.736072149093407,-0.011087850906593033
455,365070,How to Find Easy Markets to Publish Your Books In,4.76672,4.784830386217688,0.018110386217688124
456,14978,Vet Your Startup Ideas With the Startup Matrix,3.94945,4.073808844080215,0.12435884408021503
457,2592702,Curso Bolsa de Valores Day Trade e Scalp - Segredos e Sinais,4.58957,4.562472760877632,-0.0270972391223685
458,318526,QuickBooks Desktop 2013/2018 Certified User Test Preparation,4.42733,4.448217512633577,0.020887512633576577
459,1409224,Drop Shipping 2.0 (More Traffic & Less Competition),4.35357,4.389426550247079,0.0358565502470789
460,469526,Trading Biotech Stocks - Understanding the Healthcare Sector,3.55374,3.5961882720434515,0.042448272043451585
461,1349662,TRIZ. Engineering Problem-Solving Algorithm,4.45555,4.39814353426417,-0.05740646573582975
462,1024832,How To Write 1 Book In Under 6 Hours,4.17013,3.996009311884514,-0.1741206881154862
463,544674,Xero Online Bookkeeping,3.907,3.9721544700483675,0.0651544700483675
464,1447240,"Blockchain & Cryptocurrency (Bitcoin, Ethereum) Essentials",4.60499,4.307965687067244,-0.29702431293275566
465,1687202,Crash Course: Learn How to Stock Trade in 1 Hour!,4.53003,4.544972691168677,0.014942691168677413
466,288164,Counting Cards for Long-Term Wins: The Simplified Way,4.63597,4.634347443350552,-0.0016225566494485477
467,1258358,Practical Project Management for Management Consultants,4.37326,4.466623185815276,0.09336318581527614
468,1177686,Management Skills - Build Employee Engagement & Performance,4.3754,4.352533736908561,-0.02286626309143891
469,645114,SPSS Beginners: Master SPSS,4.31517,4.3126525343329565,-0.0025174656670436946
470,2856662,Microsoft Project 2019 Course for beginners to advanced,3.87658,3.9176265025869688,0.041046502586968625
471,20185,The Complete Forex Trader,4.13152,4.237936618976355,0.1064166189763549
472,322302,Interviewing Skills: Conducting Job Interviews,3.93516,3.8902901619458845,-0.04486983805411571
473,948452,How to Sell Anything to Anyone,4.2006,4.371795602701247,0.17119560270124712
474,1345598,Bookkeeping: Basics Training,3.51557,3.597332926021742,0.08176292602174229
475,653550,How To Build A Real Estate Cash Buyers List,4.6687,4.6857707820720504,0.01707078207205015
476,1743834,Process Capability Analysis,4.6353,4.600311329040946,-0.03498867095905389
477,1189148,Growth Team Management - How to Build a Growth Team,4.30514,4.3120087128686855,0.0068687128686857335
478,994426,Networking Growth Hacks: Take Your Career to the Next Level,4.2514,4.346387992079881,0.09498799207988107
479,1280842,Public Speaking Training & Facilitator Certification,4.19255,4.2184572678958405,0.025907267895840747
480,3046234,"FON PORTFÖY YÖNETİMİ ( Hisse,Altın,Dolar Bazlı Portföy Yap )",4.6865,4.6663418005449735,-0.02015819945502617
481,335610,Writing With Confidence: Writing Beginner To Writing Pro,4.48216,4.393072769660153,-0.08908723033984778
482,526000,How to Manage Difficult Conversations: Beginner's Guide,4.3628,4.353529632786666,-0.009270367213334296
483,1053272,Finance Training for Financial Analysts,4.42382,4.421887296736463,-0.0019327032635372277
484,1787702,The Complete Business Plan Course (Includes 50 Templates),4.61955,4.6012901868184155,-0.01825981318158476
485,1198414,Como administrar um pequeno grande negócio,3.23487,3.547039052598071,0.31216905259807115
486,822808,Tax Strategies of the Wealthy,4.62593,4.627489039564551,0.0015590395645510569
487,170844,Leadership - The #1 Key to Guaranteed Business Success,4.17734,4.075120989384392,-0.10221901061560779
488,1884490,The Complete Cryptocurrency Investment Course,4.60165,4.576290388068264,-0.025359611931736303
489,1251736,Advanced Project Management (1/4): Project Initiation,3.79164,3.962533964355166,0.1708939643551659
490,2822377,The Business of Logistics in Supply Chain Management,4.15916,4.1646173769361985,0.005457376936198521
491,110240,How to Manage & Influence Your Virtual Team,4.40904,4.418606966791966,0.009566966791966003
492,418692,Learn How to Build A Successful Etsy Shop,4.93694,4.833085214983256,-0.10385478501674417
493,1102182,Balanced Scorecard: Master Your Data Driven Performance,3.91082,3.945198552328516,0.03437855232851561
494,1479240,A Beginner's Guide to a Passive Income,4.07083,3.939361117034637,-0.13146888296536297
495,891524,Controle Financeiro com Excel (Plano de Contas),4.38839,4.4319219777672245,0.043531977767224284
496,2930380,The Secret Formula for Dropshipping on Facebook Marketplace,4.43359,4.347153603259989,-0.08643639674001058
497,2124810,Think Strategically and Make Your Ideas a Reality,4.38655,4.386085941698663,-0.00046405830133711135
498,1081610,Management Consulting Cases for Job Interview,4.5158,4.48443484865936,-0.03136515134063966
499,2436348,KPI and metrics for Management Consultants & Managers,4.31675,4.245559610913781,-0.07119038908621889
500,386922,Seeing the Big Picture: Understanding Financial Statements,4.40044,4.371835611823198,-0.028604388176801443
501,1820254,Sexual Harassment Training for Employees in the Workplace,4.06397,4.085251934458436,0.02128193445843607
502,1907758,Trading con Ondas de Elliott,4.37009,4.189808941622285,-0.18028105837771502
503,839478,How to Become a Freelance Editor: Make Money Copy Editing,4.45745,4.430614597493272,-0.026835402506727668
504,2019420,Yatırım 101 -Herkes İçin Yatırım,4.31002,4.401050327148035,0.09103032714803483
505,1412884,Successful Proposal Writing Training Course For All Careers,4.09258,4.100124193323884,0.00754419332388423
506,398020,Master 5 Economic Concepts,4.4335,4.4174423472287785,-0.016057652771221953
507,1452130,De Devedor a Poupador - Finanças Pessoais,4.38216,4.355990237103785,-0.026169762896214976
508,2618758,Ethics Review for CFA® Level 1 (2020),4.58466,4.58714605564204,0.0024860556420396307
509,1825796,Source and Sell on Amazon FBA [Without Private Labeling],4.54086,4.516333344215211,-0.024526655784788964
510,50951,Types of Life Insurance,4.23042,4.2863864877645526,0.05596648776455293
511,1346028,Investment Banking: The Complete Financial Ratio Analysis,4.25548,4.154783218280016,-0.10069678171998397
512,552504,Introduction to Options - Complete Course for Beginners,4.35077,4.358184896752245,0.007414896752245603
513,348432,Presentation Skills: Give a Great Team Presentation,4.41378,4.418710865847217,0.004930865847216914
514,2107420,FinTech - Prepare for the revolution in Finance,3.81983,3.870974675630176,0.051144675630176106
515,765190,Strategies for Finding New Web Design & SEO Clients in 2020,4.52548,4.582936247237517,0.057456247237516855
516,1057242,Learn How to Set Up an Incubator Hedge Fund - Step-by-Step,3.76271,3.4930400287528074,-0.26966997124719283
517,2379722,Excel Aplicado al Análisis Financiero,4.5008,4.484209437093695,-0.016590562906304562
518,2270936,GDPR Certification - Be Prepared for CIPP/E Certification,3.60999,4.115998319801907,0.5060083198019072
519,3318304,"Projects Cost Management, Estimating, Budgeting and Control.",3.92927,3.967325192673343,0.03805519267334301
520,1304420,Content Creation Masterclass 2.0 [Passive Income with Video],4.24708,4.331985677260807,0.08490567726080656
521,1512040,B2B Sales Objections Simplified,4.46326,4.455662572747611,-0.0075974272523886555
522,1500202,Forex Trading per tutti: corso completo con esempi pratici,4.17994,4.160151949433184,-0.01978805056681665
523,305808,Online Arbitrage - Buy Products Online to Resell,4.62093,4.483482872655462,-0.13744712734453834
524,362176,The Superstar Manager Course,4.73942,4.679549739133037,-0.05987026086696279
525,1220022,Amazon Kindle SEO: How To Get Book Reviews & Rank In 2020,4.431,4.338267605859825,-0.09273239414017542
526,1492278,Blockchain 2020 - Complete Blockchain Course for Beginners.,4.4865,4.444583171902451,-0.041916828097549264
527,725872,Certificate in MYOB AccountRight Premier Course,4.02554,4.015307125522257,-0.010232874477742904
528,969026,Tally ERP 9 with GST Complete Advance Course,3.97343,3.9067460525101962,-0.06668394748980377
529,557358,Branding You™: How to Build Your Multimedia Internet Empire,4.81067,4.782260690781644,-0.028409309218355716
530,483166,Outsource your idea | Launch your business for 1/4 the price,4.22375,4.188916552269621,-0.034833447730378886
531,1578630,"Knowledge Management - Concepts, Tools and Practices",4.07122,4.406922975883985,0.3357029758839847
532,1641996,ISO 45001 Occupational Safety & Health Management System,4.06565,4.1352903520012445,0.06964035200124474
533,2055265,Introduction to process control and instrumentation,4.25636,4.238533082441234,-0.017826917558766198
534,1179904,Google Analytics for Shopify: A Complete Step-by-Step Guide,4.48032,4.436804748793974,-0.04351525120602595
535,69472,Basics of Medical Terminology,3.55098,3.5431793723805947,-0.007800627619405365
536,2829942,Speak Confidently and be from The Elite,4.76521,4.720727697357687,-0.044482302642312455
537,1061808,Waterfall to Agile Project Management: A Step By Step Guide,4.13272,4.1399711345407315,0.007251134540731563
538,1614802,Straightforward Technical Analysis for Beginners,3.9276,3.8987449977110042,-0.028855002288995735
539,358062,Financial Modeling: Build a Complete DCF Valuation Model,4.42242,4.398141597728404,-0.02427840227159539
540,502772,The Complete Value Investing Course (Updated 2020),4.33891,4.287596253953304,-0.05131374604669592
541,585072,Culture | How to Make Team Decisions,4.3116,4.319758161540153,0.008158161540152697
542,3340356,Supply Chain Analytics,3.72567,3.724352996000484,-0.0013170039995160643
543,453858,eBay Dropshipping Academy: Ultimate Arbitrage Mastery Course,3.98136,4.0873169403864,0.10595694038640024
544,1831408,Introduction to Economics,4.48981,4.5093756892522014,0.019565689252201146
545,1250694,カードゲームでカンタンに理解する！経済とお金のキホン,4.29982,4.2525967523329795,-0.04722324766702091
546,1029892,The Tableau 2018 Comprehensive Guide,4.49059,4.48410965019967,-0.006480349800329854
547,1459334,Professional Business Presentations: The Complete Guide,3.31458,3.3160353158245184,0.0014553158245185216
548,873482,Learning Business Contracts for Beginners,4.55504,4.460736959547552,-0.09430304045244764
549,1242546,Become an M&A Analyst: The Complete Skillset Free Series,4.21097,4.227997210028389,0.017027210028389028
550,818644,An Introduction to Asset-Backed Securities,4.07966,4.078268569424445,-0.0013914305755546863
551,756462,Life Purpose Coach Sales Presentation Blueprint,4.77106,4.732903281771669,-0.03815671822833089
552,2276683,Amazon FBA Course for Beginners 2020 (Private Label Product),3.68397,3.8605959766977915,0.17662597669779156
553,379702,Become QlikView Developer from Scratch,4.02658,4.02072583288962,-0.005854167110380004
554,540306,Writing a Professional Business Plan: The Dos and Don'ts,2.81412,3.2997423154107173,0.4856223154107173
555,1325042,Blogging Home Business: Successful Blog & Passive Income NEW,4.13274,4.040932648669353,-0.09180735133064744
556,987254,Starting A KDP Business Without Doing The Writing Yourself,4.46704,4.386625929513812,-0.08041407048618776
557,1334808,Top 10 EURUSD Expert Advisors - Forex Algorithmic Trading,4.66047,4.651793220069969,-0.008676779930031131
558,1592862,SAP FICO (Financial Accounting & Management Accounting),4.12986,4.212408869484028,0.08254886948402795
559,1564892,"Investment Appraisal Mastery - NPV, IRR, Payback, PI, ARR",4.73611,4.708330225114762,-0.027779774885238417
560,701188,Negotiation A-Z™: Inside Secrets from a Master Negotiator,3.89184,3.794207591584687,-0.09763240841531307
561,148902,Fundamentals of Analyzing Real Estate Investments,4.43577,4.450993048043055,0.01522304804305552
562,436488,Futures/Commodity Trading,3.92237,3.827150091109205,-0.09521990889079479
563,38097,Becoming A Writer,4.41667,4.384168734672137,-0.03250126532786268
564,1327180,"How to Read P&ID, PFD & BFD used in Process Plant like Pro",4.26981,4.266403816961624,-0.0034061830383755876
565,468172,Complete Introduction to Microsoft Power BI [2020 Edition],4.48945,4.5001950713427465,0.010745071342746826
566,632738,Better Business Writing Skills,4.45327,4.452875667763692,-0.0003943322363078039
567,1180656,Shopify Bootcamp: Increase Your Store's Conversion Rate,4.64769,4.6360402210012195,-0.011649778998780391
568,2087822,Technical Analysis Bootcamp For Traders & Investors 2020,4.42865,4.58119695924799,0.15254695924798956
569,898082,Kickstart a Freelance Editor & Proofreader Career on Upwork,4.31611,4.279259965992145,-0.03685003400785547
570,576906,Technical Analysis Beginners Guide for Stock Trading & Forex,4.56611,4.745977813613463,0.1798678136134626
571,2608752,Learn Data Analytics and Visualization with Tableau from A-Z,4.42499,4.667722859755115,0.24273285975511438
572,42146,The Complete Advanced Accounting and Finance Course,4.49754,4.504030809788305,0.006490809788305185
573,1426514,"Complete, GDPR, GDPR Certification, data protection, privacy",4.17297,4.156474755480286,-0.016495244519714625
574,310754,E-commerce Profits: How to Start a Business Dropshipping,4.05594,3.7402469045989784,-0.3156930954010213
575,641764,QuickBooks Online for Business: From Setup to Tax Reporting,4.30351,4.3195880577643635,0.01607805776436333
576,2390192,Smart Tips: Communication,4.44931,4.433615090637784,-0.015694909362215625
577,1335052,QuickBooks Online Made Easy Training Tutorial 2017,4.38866,4.346385401046857,-0.042274598953143006
578,1269500,"Start A T-Shirt Business | Merch By Amazon, Teespring & More",4.53924,4.485923189847821,-0.053316810152179706
579,1137208,The Foundations of Fiction (Writing Mastery),4.50923,4.497106297072849,-0.012123702927151037
580,2384032,Cold calling FIRE: cold calling like the Wolf of Wall Street,4.64194,4.587062397346634,-0.05487760265336572
581,2080214,Management System Auditor Training. ISO 19011,4.30897,4.288004136128676,-0.020965863871324153
582,543212,Forex Trading using professional indicators by TOP traders,4.28099,4.13821679995953,-0.14277320004047045
583,2364990,Modern Deliverability for Cold Email,4.31873,4.406426788017633,0.0876967880176327
584,1436280,投資戦略をデザインしよう！ オプション取引マスターコース,3.68085,3.713453386870929,0.03260338687092901
585,1345248,Construction Claims - Master Foundation Course,4.05669,4.030446221635771,-0.026243778364229087
586,1172104,SAS Programming from Scratch & Practice Case Studies workout,3.48584,3.448368017400158,-0.03747198259984197
587,2465786,Tally ERP 9 : Step by Step Guide to Accounting With Tally,4.27802,4.257720928224727,-0.02029907177527246
588,180384,Yield Curve Dynamics,4.43099,4.452212926002324,0.02122292600232356
589,1397566,Communication Skills every Manager should Master,4.46345,4.400062485835204,-0.06338751416479571
590,1231182,How to Analyze a Wholesale Deal in Real Estate,4.37142,4.427784635804144,0.05636463580414475
591,2394752,TEKNİK ANALİZ ve BORSA YATIRIM STRATEJİLERİ,3.83768,3.8772224481453823,0.0395424481453821
592,680522,Refresher course of Safety Management Systems,4.59393,4.593240834621969,-0.0006891653780316531
593,1388532,Identifying AML Suspicious Transactions,4.41784,4.303255332782016,-0.11458466721798377
594,2092508,ブロックチェーンの仕組みをひとつひとつ図解 - 仕組みを紐解きながら最新状況・今後の活用方法まで体系的に,4.26866,4.1380030596244,-0.13065694037559972
595,262370,Accounting: Get Hired Without Work Experience,3.64809,3.5455946688449327,-0.10249533115506715
596,58309,Understanding HIPAA for the Medical Office,4.42597,4.318334846559396,-0.10763515344060437
597,1229542,Amazon Dropship Mastery,3.35482,3.251178735414802,-0.10364126458519829
598,2193886,Mastering Market Profile Trading: Professional Analysis Tool,4.40228,4.385108845400894,-0.01717115459910623
599,1383278,eBay Selling Masterclass: eBay Selling with a eBay Business,3.95558,3.890174504438028,-0.06540549556197206
600,1981720,Advanced Financial Accounting with Tally ERP and GST,4.32129,4.376281309673807,0.05499130967380683
601,623230,Lean Six Sigma Yellow Belt,4.43051,4.432992700867082,0.0024827008670822437
602,582772,Culture | How to Build Collaborative and Focused Teams,4.39146,4.340010382769797,-0.05144961723020369
603,276058,The Complete Public Speaking Certification Program (Part 2),4.60876,4.516256401441001,-0.09250359855899948
604,1393266,Lead Generation Machine: Cold Email B2B Sales Master Course,4.45575,4.384094991008191,-0.07165500899180888
605,365034,Writing That Moves: Write Novels That Keep Pages Turning,4.76513,4.754923243157819,-0.010206756842181086
606,1327376,Motivating Your Team - A Quick Course,4.45591,4.419911573730546,-0.0359984262694546
607,1479112,Identify & Define the Problem with Business Analysis,4.5961,4.505190701870969,-0.0909092981290307
608,2351710,Learn SQL for Data Analysis with Google Big Query,4.22503,4.314364051035741,0.08933405103574099
609,1551854,"Blockchain, bitcoin e criptovalute: corso pratico completo!",4.62239,4.650386872640631,0.027996872640630777
610,642714,Introduction to Oil and Gas Drilling,4.26045,4.284619014729916,0.024169014729916505
611,1147098,"Etsy 2020 Complete Masterclass: Market, Sales & Social Media",4.01349,4.077962896832039,0.06447289683203916
612,1752798,Multi-objective Optimization Problems and Algorithms,4.45759,4.451334544417875,-0.00625545558212437
613,2783854,Scrum Product Owner (PSPO I)  2020 | Practice Exam | Test,4.79492,4.8305107271035785,0.035590727103578246
614,896704,"Scrum and Agile Basics - Theory, Practical Hints, Cert. Tips",4.25551,4.266551370298864,0.011041370298864095
615,1064616,Succeed with Personality Diversity,4.66112,4.682637614807421,0.021517614807420316
616,503348,How to start your restaurant and make a profit in 8 weeks!,4.26275,4.289448596912227,0.026698596912227757
617,2450950,Top 5 Gold Trading Strategies in 2020 + 10 Robots Included,4.65381,4.64680022448563,-0.007009775514370098
618,539572,Become a Scrum Guru the Easiest Way: Ultimate Scrum Guide,4.13127,4.091504609357373,-0.03976539064262674
619,2492128,Inversión en Bolsa - Importante - ¿Cuándo invertir en Bolsa?,4.649,4.652287563491387,0.0032875634913871465
620,2455916,"Bitcoin, Altcoinler ve Forex | Trend Temelli Teknik Analiz",4.13198,4.223648356996074,0.0916683569960739
621,1267566,Selling to Different Personality Types,4.67886,4.638346745231071,-0.04051325476892931
622,428366,Homebase Business Ebay Dropshipping Beginners Guide business,4.01805,4.239668492916918,0.22161849291691826
623,1423232,Fifteen Great CTO Leadership Hacks,4.3329,4.352395954969037,0.019495954969036333
